URL: https://cis.unimelb.edu.au/people/students





Graduate Researchers









































        Skip to main content
      





Graduate ResearchersPeopleSchool of Computing and Information Systems


School of Computing and Information Systems



People



Graduate Researchers





Search

Menu










Go







Close







Graduate Researchers



Graduate researchers Given name Family nameProfileEmailDavidAdamsProfiledaadams@student.unimelb.edu.au
         Nigel 
      
         Adams 
      Profilenigel.adams@student.unimelb.edu.auBobbyAdhytiaProfilebobby.adhytia@student.unimelb.edu.au
         Siddharth 
      
         Agarwal 
      Profilesiddhartha@student.unimelb.edu.au
         Scott 
      
         Ainslie 
      Profilesainslie@student.unimelb.edu.auNimraAkramProfilenimra.akram@student.unimelb.edu.au
         Hanan 
      
         Alkhammash 
      Profilehalkhammash@student.unimelb.edu.auDaghashAlqahtaniProfiledaghash.alqahtani@student.unimelb.edu.au
         Abeer 
      
         Alshehri 
      Profileaalshehri@student.unimelb.edu.auMaryamAlshehriProfileMaryamhamoud@student.unimelb.edu.au
         Hanan 
      
         Alsouly 
      Profilehanan.alsouly@student.unimelb.edu.auKasunAmarasingheProfilekasun.amarasinghe@student.unimelb.edu.au
         Ashley 
      
         Anderson 
      Profileabanderson@student.unimelb.edu.au
         Madeleine 
      
         Antonellos 
      Profilemantonellos@student.unimelb.edu.au
         Jiayang 
      
         Ao 
      Profilejiayang.ao@student.unimelb.edu.auHaniArabProfilearabh@student.unimelb.edu.auMarjanAzimiProfileazimim@student.unimelb.edu.auRashikaBahlProfilerashikab@student.unimelb.edu.auEmmaBaillieProfileebaillie@student.unimelb.edu.auPeerachaiBanyongrakkulProfilepeerachai.banyongrakkul@student.unimelb.edu.au
         Vincent 
      
         Barbosa Vaz 
      Profilevbarbosavaz@student.unimelb.edu.auLyndonBenkeProfilelyndon.benke@student.unimelb.edu.au
         Uri 
      
         Berger 
      Profileuberger@student.unimelb.edu.auMuhammadBilalProfilemuhammad.bilal1@student.unimelb.edu.au
         Nattapat 
      
         Boonprakong 
      Profilenboonprakong@student.unimelb.edu.auLinaBrockmeierProfilelinachristin.brockmeier@student.unimelb.edu.auMariaBulychevProfilemaria.bulychev@student.unimelb.edu.auThomasByersProfiletsbyers@student.unimelb.edu.au
         Daniel 
      
         Cabrera Lozoya 
      Profiledaniel.cabreralozoya@student.unimelb.edu.auChengyiCaiProfilechengyi.cai@student.unimelb.edu.au
         Francesco 
      
         Cataldo 
      Profilefrancesco.cataldo@student.unimelb.edu.au
         Wendy 
      
         Cavenett 
      Profilewendyc@student.unimelb.edu.au
         Philip 
      
         Cervenjak 
      Profilepcervenjak@student.unimelb.edu.auWachiraphanCharoenwetProfilewcharoenwet@student.unimelb.edu.auLiuliuChenProfileliuliuc@student.unimelb.edu.au
         Ming 
      
         Chen 
      Profilemingc4@student.unimelb.edu.auMing-BinChenProfilemingbin.chen@student.unimelb.edu.auZhuoChenProfilezhuochen3@student.unimelb.edu.au
         Huaihui 
      
         Cheng 
      Profilehuaihuic@student.unimelb.edu.au
         Martin 
      
         Chesbrough 
      Profilemartin.chesbrough@student.unimelb.edu.au
         Louis 
      
         Cheung 
      Profilelouis.cheung@student.unimelb.edu.auYolandaChintanuProfileychintanu@student.unimelb.edu.auJohn PaulCruzProfilejohnpaul.cruz@student.unimelb.edu.auSayantanDasguptaProfilesayantan.dasgupta@student.unimelb.edu.auAdamDaviesProfilea.davies10@student.unimelb.edu.auDinuka Manoharade ZoysaProfilebdezoysa@student.unimelb.edu.auJosephineDeloreProfilejosephine.delore@student.unimelb.edu.auRobenDelos ReyesProfileroben.delosreyes@student.unimelb.edu.auQifanDengProfileqifand@student.unimelb.edu.auNadeeshan Dananjaya KumaraDissanayake MudiyanselageProfilenadeeshand@student.unimelb.edu.auRuijiangDongProfileruijdong@student.unimelb.edu.auSonglinDuProfilesodu@student.unimelb.edu.auDavid 
      
         Eccles 
      Profileecclesd@student.unimelb.edu.auRubyEdwardsProfilerubyann.edwards@unimelb.edu.auRahmatFadhliProfilerfadhli@student.unimelb.edu.auLeFangProfilele.fang1@student.unimelb.edu.au
         Luxin 
      
         Fang 
      Profileluxinf@student.unimelb.edu.auDuneesha TharangieFernandoProfiledtfernando@student.unimelb.edu.auHaoyuGaoProfilehaoyug1@student.unimelb.edu.auWentaoGaoProfilewentaog1@student.unimelb.edu.au
         Elsy 
      
         Garcia Reyes 
      Profileegarciareyes@student.unimelb.edu.au
         Yilin 
      
         Geng 
      Profileyigeng@student.unimelb.edu.auReyhanehGoliProfilereyhaneh.goli@student.unimelb.edu.auShuzhiGongProfileshuzhig@student.unimelb.edu.auJarodGoversProfilejgovers@student.unimelb.edu.auChenhaoGuProfilechenhaog1@student.unimelb.edu.auMatteoGuidaProfileguida@student.unimelb.edu.auSuwaniGunaskearaProfilegunasekara@student.unimelb.edu.auYiyiGuoProfileyiyguo2@student.unimelb.edu.au
         Zifeng (Peaker) 
      
         Guo 
      Profilepeaker.guo@student.unimelb.edu.au
         Bing-yi 
      
         Han 
      Profilebingyih@student.unimelb.edu.auTomHarrisProfilethomash1@student.unimelb.edu.auAfsanehHasanebrahimiProfileafsaneh.hasanebrahimi@student.unimelb.edu.au
         Haitian 
      
         He 
      Profilehaitianh@student.unimelb.edu.auXinyuHeProfilexhhe10@student.unimelb.edu.auMitraHeidariProfilemitra.heidari@student.unimelb.edu.auNimeshika UdayanganiHewa DehigahawattageProfilenhewadehigah@student.unimelb.edu.au
         Geoffrey 
      
         Hill 
      Profilegwhill@student.unimelb.edu.au
         Markus 
      
         Hiller 
      Profilemarkus.hiller@student.unimelb.edu.auCatherinHillsProfilecjhills@student.unimelb.edu.au
         Guang 
      
         Hu 
      Profileghu1@student.unimelb.edu.au
         Sukai 
      
         Huang 
      Profilesukaih@student.unimelb.edu.au
         Zhuoqun (Calvin) 
      
         Huang 
      Profilezhuoqunh@student.unimelb.edu.au
         Zuo 
      
         Huang 
      Profilezuhuang@student.unimelb.edu.auThakshila DilrukshiImiya MohottigeProfiletimiyamohott@student.unimelb.edu.auVincent 
      
         Jackson 
      Profilevincent.jackson@student.unimelb.edu.auDasun OshadaJayasingheProfilejjjayasi@student.unimelb.edu.auWeijiaJiaProfileweijia.jia@student.unimelb.edu.auFanJiangProfilefan.jiang1@student.unimelb.edu.auYanbeiJiangProfileyanbeij@student.unimelb.edu.au
         Jiankai 
      
         Jin 
      Profilejiankaij@student.unimelb.edu.auAnirudhJoshiProfilea.joshi4@student.unimelb.edu.auZaherJoukhadarProfilezaherj@student.unimelb.edu.auVinayKabadiProfilevinay.kabadi@student.unimelb.edu.auJemimaKangProfilejemimak@student.unimelb.edu.au
         Timothy 
      
         Kariotis 
      Profiletimothy.kariotis@student.unimelb.edu.auDimuthu LakmalKariyawasan Jalath ThanthrigeProfiledkariyawasan@student.unimelb.edu.auSaumya HansanieKarunadhikaProfilesaumya.karunadhika@student.unimelb.edu.auUlanKelesbekovProfileukelesbekov@student.unimelb.edu.au
         Atlarelang 
      
         Kesiilwe 
      Profileakesiilwe@student.unimelb.edu.au
         Sara 
      
         Khorasani 
      Profilesara.khorasani@student.unimelb.edu.auOliverKimProfileo.kim1@student.unimelb.edu.au
         Fajri 
      
         Koto 
      Profileffajri@student.unimelb.edu.auMojganKouhounestaniProfilemojgan.kouhounestani@student.unimelb.edu.au
         Ritu 
      
         Kudallur Ramanathan 
      Profilerkudallur@student.unimelb.edu.auZhenzhiLaiProfilezhenzhil@student.unimelb.edu.au
         Rabindra 
      
         Lamsal 
      Profilerlamsal@student.unimelb.edu.au
         Robert 
      
         Langtry 
      Profiler.langtry1@student.unimelb.edu.auCong ThanhLeProfilecongthanh.le@student.unimelb.edu.auThi Xuan MayLeProfilexuanmay.le@student.unimelb.edu.au
         Thu Thao 
      
         Le 
      Profilethaol4@student.unimelb.edu.auChaoLeiProfileclei1@student.unimelb.edu.auCraigLewisProfilec.lewis1@student.unimelb.edu.au
         Haopeng 
      
         Li 
      Profilehaopeng.li@student.unimelb.edu.auJianLiProfilejian8@student.unimelb.edu.auJinhaoLiProfilejinhao3@student.unimelb.edu.au
         Miao 
      
         Li 
      Profilemiao4@student.unimelb.edu.auMuxingLiProfilemuxing.li@student.unimelb.edu.auQianyiLiProfileqianyil3@student.unimelb.edu.auTianLiProfiletianl7@student.unimelb.edu.auXingLiProfilex.li170@student.unimelb.edu.auYuhaoLiProfileyuhao.li@student.unimelb.edu.auZuqingLiProfilezuqingl@student.unimelb.edu.auRanLiangProfileranliang@student.unimelb.edu.au
         Zheng Wei 
      
         Lim 
      Profilez.lim4@student.unimelb.edu.auHong YiLinProfileholin2@student.unimelb.edu.auPilar SeleneLinares ArévaloProfileplinaresarev@student.unimelb.edu.au
         Rui 
      
         Liu 
      Profileruiliu2@student.unimelb.edu.au
         Shijie 
      
         Liu 
      Profileshijiel2@student.unimelb.edu.auYaruLiuProfileyarliu1@student.unimelb.edu.au
         Yuansan 
      
         Liu 
      Profileyuansanl@student.unimelb.edu.auXantheLowe-BrownProfilexlowebrown@student.unimelb.edu.auStephenLuanProfileskluan@student.unimelb.edu.auChenLuoProfileluo.c1@student.unimelb.edu.au
         Henrietta 
      
         Lyons 
      Profilehlyons@student.unimelb.edu.auXueqiMaProfilexueqim@student.unimelb.edu.auYingMaProfileyima3@student.unimelb.edu.auAsoMahmudiProfileamahmudi@student.unimelb.edu.au
         Isura 
      
         Manchanayaka 
      Profileimanchanayak@student.unimelb.edu.au
         Kevin 
      
         McDonald 
      Profilekevin.mcdonald@student.unimelb.edu.au
         Brian 
      
         McKitrick 
      Profilebmckitrick@student.unimelb.edu.au
         Toni 
      
         McLennan 
      Profilet.mclennan@student.unimelb.edu.au
         Aidan 
      
         McLoughney 
      Profileaidan.mcloughney@student.unimelb.edu.auBehzadMoradiProfilebmoradi@student.unimelb.edu.auSuhail NajeebProfilesuhail.najeeb@student.unimelb.edu.auSaeed 
      NashehibasharzadProfiles.nasehibasharzad@student.unimelb.edu.auAbirNaskarProfileanaskar@student.unimelb.edu.auABMNayeemProfileanayeem@student.unimelb.edu.au
         Chris 
      
         Nelson 
      Profilec.nelson2@student.unimelb.edu.auHuyNguyenProfilehuyxuan.nguyen@student.unimelb.edu.au
         Thanh-Dat 
      
         Nguyen 
      Profilethanhdatn@student.unimelb.edu.au
         Thanh Hoa 
      
         Nguyen 
      Profilethanhhoan@student.unimelb.edu.au
         Mazino 
      
         Onibere 
      Profilemonibere@student.unimelb.edu.auPaulOuProfilepou1@student.unimelb.edu.au
         Lianglu 
      
         Pan 
      Profilelianglup@student.unimelb.edu.auSaumyaPareekProfilespareek@student.unimelb.edu.auMarziehParvaneh Akhteh KhanehProfilemparvanehakh@student.unimelb.edu.au
         Heidi 
      
         Peart 
      Profileheidi.peart@student.unimelb.edu.auZhihaoPeiProfilezppei@student.unimelb.edu.au
         Xiang (Stella) 
      
         Peng 
      Profilexiang.peng@student.unimelb.edu.au
         Kalyani 
      
         Penyala 
      Profilekalyani.penyala@student.unimelb.edu.auPiumiPereraProfilepiumi.perera@student.unimelb.edu.auDavorPetreskiProfiledavorp@student.unimelb.edu.auAnhPhamProfilebaduyanh.pham@student.unimelb.edu.auTien DungPhamProfiletiendungp@student.unimelb.edu.auPriyankaPillaiProfileppillai@student.unimelb.edu.auPagnarithPitProfileppit@student.unimelb.edu.au
         Yiyuan 
      
         Pu 
      Profileyiyuanp1@student.unimelb.edu.auTianyuQiProfiletianyu.qi@student.unimelb.edu.au
         Subramaniam 
      
         Ramasubramanian 
      Profilesramasubram@student.unimelb.edu.auMurtazaRangwalaProfilemrangwala@student.unimelb.edu.auLankadineeRathuwaduProfilelankadineewickramasri.rathu@student.unimelb.edu.auTharakaRatnayakeProfiletharaka.ratnayakemudiyanselage@student.unimelb.edu.auJessRowlingsProfilejess.rowlings@student.unimelb.edu.auLarissaSalernoProfilelarissa.salernodecastro@student.unimelb.edu.au
         Tharindu Bandara 
      
         Saryakara Hewage 
      Profiletsaryakarahe@student.unimelb.edu.auSarah VictoriaSchoembsProfilesschombs@student.unimelb.edu.au
         Viktoria 
      
         Schram 
      Profileviktoria.schram@student.unimelb.edu.auEleanor SealeProfileeseale@student.unimelb.edu.auRinu Ann 
      
         Sebastian 
      Profilerinuanns@student.unimelb.edu.au
         Prabodi 
      
         Senevirathna 
      Profileprabodi.senevirathna@student.unimelb.edu.auAnandi Kaushalya KarunaratneSethunga MudiyanselageProfileanandi.sethungamudiyanselag@student.unimelb.edu.auCherie Mei YeeSewProfilecsew@student.unimelb.edu.au
         Abid Hussain 
      
         Shah 
      Profileabidh@student.unimelb.edu.au
         Susan 
      
         Sheldrick 
      Profilessheldrick@student.unmelb.edu.auQingtanShenProfileqingtans@student.unimelb.edu.au
         Xinling 
      Shen 
      Profilexinling.shen@student.unimelb.edu.auZeweiShiProfilezewei.shi@student.unimelb.edu.auElisaShiojiProfileelisas@student.unimelb.edu.auMatthewSidjiProfilematt.sidji@student.unimelb.edu.auKwangsukSongProfilekwangsuk.song@student.unimelb.edu.auYigeSongProfilesoys@student.unimelb.edu.au
         Xinyu 
      
         Su 
      Profilesuxs3@student.unimelb.edu.au
         Zihang 
      
         Su 
      Profilezihangs@student.unimelb.edu.auFengzeSunProfilefengzes@student.unimelb.edu.au
         Kanwal Aslam 
      
         Syed 
      Profilekanwalaslam.syed@student.unimelb.edu.auSeyed RamtinTabatabaei MoghaddamProfilestabatabaeim@student.unimelb.edu.auDilangTanProfiledilangt@student.unimelb.edu.auSing CheeTanProfilesingct@student.unimelb.edu.au
         Nataliia (Natasha) 
      
         Tashevtseva 
      Profilenataliia.tashevtseva@student.unimelb.edu.auSongyanTengProfilesongyan.teng@student.unimelb.edu.auSamuelThomasProfilesamuel.thomas1@student.unimelb.edu.au
         Catherine 
      
         Thompson 
      Profilectthompso@student.unimelb.edu.auXunyeTianProfilexunyet@student.unimelb.edu.auChenhaoTongProfilechenhaot@student.unimelb.edu.au
         Fangziyun 
      
         Tong 
      Profilefangziyunt@student.unimelb.edu.auJiaweiTongProfiletojt1@student.unimelb.edu.au
         Andrei 
      
         Tour 
      Profileatour@student.unimelb.edu.au
         Hung Thinh 
      
         Truong 
      Profilehungthinht@student.unimelb.edu.auHarindu Ashan SugathadasaUdage KankanangeProfileasugathadasa@student.unimelb.edu.au
         Archana 
      
         Vadakattu 
      Profilearchana.vadakattu@student.unimelb.edu.au
         Gisela 
      
         Vallejo 
      Profilegvallejo@student.unimelb.edu.auSameeraVithanageProfilevithanage@student.unimelb.edu.auSamangiWadinambi ArachchiProfilesamangi.w@student.unimelb.edu.auHermanWahidinProfilehwahidin@student.unimelb.edu.au
         Chen 
      
         Wang 
      Profilecww3@student.unimelb.edu.au
         Chenyang 
      
         Wang 
      Profilechenyangw3@student.unimelb.edu.au
         Dalin 
      
         Wang 
      Profiledalinw@student.unimelb.edu.auFaxingWangProfilefaxing.wang@student.unimelb.edu.auGuanyuWangProfileguawang@student.unimelb.edu.auJinxiWangProfilejinxi.wang1@student.unimelb.edu.au
         Jun 
      
         Wang 
      Profilejun2@student.unimelb.edu.au
         Lingfei 
      
         Wang 
      Profilelingfeiw@student.unimelb.edu.au
         Peiyong 
      
         Wang 
      Profilepeiyongw@student.unimelb.edu.auTingxuanWangProfiletingxuanw@student.unimelb.edu.auYuxiangWangProfileyuxiang.wang8@student.unimelb.edu.au
         Zhe 
      
         Wang 
      Profilewang.z9@student.unimelb.edu.auZhiyuWangProfilezhiywang1@student.unimelb.edu.au
         Helani 
      
         Wickramaarachchi 
      Profilehwickramaara@student.unimelb.edu.auDehiwalaWijesingheProfilegayan.wijesinghe@student.unimelb.edu.au
         Ziren 
      
         Xiao 
      Profilezirenx@student.unimelb.edu.au
         Zhuohan 
      
         Xie 
      Profilezhuohanx@student.unimelb.edu.auRuiXingProfileruixing@student.unimelb.edu.au
         Yushan 
      
         Xing 
      Profileyushanx@student.unimelb.edu.au
         Aotao (John) 
      
         Xu 
      Profilejohn.xu@student.unimelb.edu.au
         Jia 
      
         Xu 
      Profilejx3@student.unimelb.edu.au
         Pengbo 
      
         Yan 
      Profilepengboy@student.unimelb.edu.auWenqiYanProfilewenqiy2@student.unimelb.edu.au
         Diana 
      
         Yang 
      Profiley.yang29@student.unimelb.edu.auJieYangProfilejieyang3@student.unimelb.edu.au
         Jinrui 
      
         Yang 
      Profilejinruiy@student.unimelb.edu.au
         Zihan 
      
         Yang 
      Profilezihany1@student.unimelb.edu.auHongweiYinProfilehongweiy@student.unimelb.edu.auPengfeiYinProfilepyyin1@student.unimelb.edu.au
         Meng Abigail 
      
         Yuan 
      Profilemyuan3@student.unimelb.edu.au
         Stella 
      
         Yuan 
      Profileshuai.yuan1@student.unimelb.edu.auCanaanYungProfilecanaany@student.unimelb.edu.au
         Huiwen 
      
         Zhang 
      Profilehuiwen@student.unimelb.edu.auJiachengZhangProfilejiaczhang1@student.unimelb.edu.auJianZhangProfilejianzhang10@student.unimelb.edu.auMingxinZhangProfilemingxin1@student.unimelb.edu.auMo 
      
         Zhang 
      Profilemozhang@student.unimelb.edu.auShiquanZhangProfileshiquan.zhang@student.unimelb.edu.auTianyiZhangProfiletianyiz4@student.unimelb.edu.auYanZhangProfileyanzhang15@student.unimelb.edu.auZhenkaiZhangProfilezhenkaiz@student.unimelb.edu.au
         Zhuo 
      
         Zhang 
      Profilezhuo.zhang@student.unimelb.edu.auZhiyuanZhangProfilezhiyuanz5@student.unimelb.edu.auJie 
      
         Zhao 
      Profilezhao.j4@student.unimelb.edu.au
         Wei 
      
         Zhao 
      Profilewzhao10@student.unimelb.edu.au
         Zhuowei 
      
         Zhao 
      Profilezhuoweiz1@student.unimelb.edu.auJohnsonZhouProfilezhoujj@student.unimelb.edu.auWenjunZhouProfilewenjunz1@student.unimelb.edu.auZhijianZhouProfilezzhou1599@student.unimelb.edu.au
         Anqi 
      
         Zhu 
      Profileazzh1@student.unimelb.edu.au
         Rongxin 
      
         Zhu 
      Profilerongxinz1@student.unimelb.edu.auMikeZhuangProfilezhuangmy@student.unimelb.edu.au
         Farzaneh 
      
         Zirak 
      Profilefarzaneh.zirak@student.unimelb.edu.au





Email Contact us
Faculty of Engineering and Information Technology
Engineering & IT Students


Staff only: FEIT Intranet



      Site footer   We acknowledge and pay respect to the Traditional Owners of the lands upon which our campuses are situated   Read about our commitment to reconciliation        About us     Careers at Melbourne     Safety and respect     Newsroom     Contact        Phone: 13 MELB (13 6352)  International: +61 3 9035 5511   Address:  The University of Melbourne  Grattan Street, Parkville  Victoria, 3010, Australia   View all Campus locations                  Facebook 

 Share on Facebook      LinkedIn 

 Share on LinkedIn      Instagram 

 Share on Instagram      Twitter 

 Share on Twitter                 Emergency     Terms & privacy     Accessibility     Privacy       The University of Melbourne  (Australian University): PRV12150    CRICOS number: 00116K   ABN: 84 002 705 224      

CloseSchool of Computing and Information Systems
About usAbout us
About the SchoolAbout the School
Life in Melbourne
Alumni profiles
Casual tutor, demonstrator, marker and project team supervisor opportunities
CSIRAC: Our first computerCSIRAC: Our first computer
CSIRAC’s vital statistics
CSIRAC chronology
CSIRAC design
How did CSIRAC work?: Storage
How did CSIRAC work?: Console
CSIRAC uses
CSIRAC: Designers
The music of CSIRAC
CSIRAC emulator
Jurij Semkiw
CSIRAC and computer history links
The Last of the First, CSIRAC: Australia’s First Computer
CSIRAC photo gallery
The history of computing at the University of MelbourneThe history of computing at the University of Melbourne
History of computing in the department
Starting the Department of Information Systems
Early internet
Memories of the department
Programming
Student life in the department
Women in computing
CIS Doctoral ColloquiumCIS Doctoral Colloquium
2024 CIS Doctoral Colloquium2024 CIS Doctoral Colloquium
Submission Guidelines
2023 CIS Doctoral Colloquium2023 CIS Doctoral Colloquium
Submission Guidelines
Colloquium Photos
2022 CIS Doctoral Colloquium2022 CIS Doctoral Colloquium
Submission Guidelines
Program_open
Participation and Awards
Volunteers and Judges
CISDC 2022 Photos
2019 CIS Doctoral Colloquium
2018 CIS Doctoral Colloquium
2017 CIS Doctoral Colloquium
2016 CIS Doctoral Colloquium
2015 CIS Doctoral Colloquium
2014 CIS Doctoral Colloquium
2013 CIS Doctoral Colloquium
Keynote speaker
Colloquium sponsors
Committee
Call for papers
Application_closed
Submission_info
Program_pending
Program_open
Alumni
Registration_pending
Engage with the School of Computing and Information SystemsEngage with the School of Computing and Information Systems
Research collaborationResearch collaboration
Cyber attack maps to underpin better strategic responses
Surgeons gain implant expertise with virtual training
Informatics analyses value in digital health technologies
Data contrasting highlights changing use of city
Online community designed to support mental health for young people
Satisfaction score to improve quality of internet search results
Supply chain scheduling keeps automated mining operations on task
Combined data adds power to decision-making
New algorithms help interpret vision loss from digital images
Host a student intern
Student industry projects
Become a guest speaker
Cremorne Digital Hub
NewsNews
2022 news and events2022 news and events
CIS-EEE Seed Funding
How data can prevent overdiagnosis

CIS - IE 2022 Research Collaboration Seed Funding
2021 news and events
2020 news and events
2019 news and events
2023 news and events2023 news and events
CIS-ME 2023 Seed Funding round
CIS-IE 2023 Seed Funding round
People
ResearchResearch
Artificial intelligenceArtificial intelligence
Graduate Reseachers
Computer scienceComputer science
Graduate Researchers
Digital Health
Research projects
Seminars
Schools
Study with usStudy with us
Undergraduate programs
Graduate coursework programs
Graduate research programs
Industry based learning
Programming proficiency test
First Year CentreFirst Year Centre
About
Study with CIS
Undergraduate programs
Get help
People
Become a tutor
Contact
Graduate programsGraduate programs
Graduate coursework programs
Graduate research programs
AI and Autonomy LabAI and Autonomy Lab
News
People
Publications
ResearchResearch
Mining and optimisation
Automated planning languages
Foundations of human-agent collaboration
People-oriented software engineering
Explainable artificial intelligence
Multimodal human-agent collaboration
Artificial Intelligence Assurance LabArtificial Intelligence Assurance Lab
About us
Research
Publications
People
Industry engagement
Academic Centre of Cyber Security Excellence (ACCSE)
Human-Computer InteractionHuman-Computer Interaction
FacilitiesFacilities
User Experience Lab
Interactive Technologies Lab
Engineering Workshop

Telstra Creator Space

News and Events
PeoplePeople
Staff
Graduate researchers
Alumni
ProjectsProjects
Adaptive learning technologies
Ageing and avatars
AI-enabled assistance for strategic planning in games
Wearable technology for arm monitoring in health
Augmented fitness
Augmented learning environment for physiotherapy education
Biometric Mirror
Changing views
Citizen Heritage
Cognition-aware systems
Cognitive interaction
Completed projects
Connecting learners for collaboration across diverse communities
Cross-community information systems
Crowdsourcing
Death and the Internet
Deceptive AI
Designing for scale
Designing technologies for indigenous knowledge
Digital commemoration
Digital domesticity
Conceptualising and measuring digital emotion regulation
Emerging technologies for enrichment in old age
Encounters
Ethics and digital games
Evaluation of natural user interfaces in query auto-completion
Examining the ‘digital’ in hybrid digital boardgames
Exploring complex data sets using highly engaging environments
Exploring natural user interfaces during meal times
FaceSpace
Getting well and being present
Growing old and staying connected
HandLog: tangible interactions for game input and rehabilitation
iFISH
Improving Vitamin D status and related health in young women
Insertable technology for human interactions
Interactive displays
Interactive spaces and media architecture
Kinecting with orang-utans
Mediating intimacy
Mobile fieldwork and learning
Multimodal human–agent collaboration
Music streaming and algorithmic recommendation
Near-infrared spectroscopy
Onebody
Orygen Virtual World Project
Promoting student peer review in Australian tertiary education
Personal sensing for mental health and wellbeing
Pholiota Unlocked
Reading on ubiquitous devices
Smart Garden Watering
Smartphones for science
Social gaming events: Warhammer 40K
Social networking sites for ambivalent socialisers
Social play in immersive gaming environments
Social robots and virtual assistants for older people
Sociophysical interactions
Social Orientated Requirements Engineering
Spectating eSports and Let’s Play
SpinalLog
Supporting social interactions for video calls in the home
Teleconsultation: enhancing interactions between clinicians and patients
Virtual co-presence
Virtual Reality and climate change communication
VR therapy for youth mental health
Robot Assisted Learning and Rehabilitation
XR for Human-Robot Interaction
Social and Domestic Drones 
Human-Centred Agent Learning
Child of Now
 #thismymob
Publications
ResearchResearch
Smart Spaces
Ubiquitous computing
Digital health
Digital nature
Novel interactions
Design for ageing
Games and play
Social computing and communities
Human-Robot Interaction
SeminarsSeminars
Past seminars 2020
Past seminars 2019
Past seminars 2016–2018
Past seminars 2011–2015
Past seminars 2006–2010
Past seminars 2004–2005
StudyStudy
HCI programs for potential students
HCI subjects
Masters projects
Potential PhD students
Information systemsInformation systems
Process science and technology
Business analytics and decision making
Cybersecurity management
Digital health
Innovations in the digital society
Publications
Contact us
Current Students
Library
Staff



,,,,,,,,,,,,,,,,,,,,,,,,,,,,,,,,,,,,,,,,,,,,,,,,,,,,,,,,,,,,,,,,,,,,,,,,,,,,,,,,,,,,,,,,,,,,,,,,,,,,,,,






    This site uses and shares cookies and similar technologies to personalise your experience, advertise to you and provide content from third-parties as well as analyse our usage. You consent to our use of such technologies by proceeding. You can change your mind or consent choices at any time. Visit our Privacy Statement  for further information.
           Accept cookies       Cookie preferences              
====================================================================================================

